"","1","2","3","4","5","6","7","8","9","10","11","12","13","14","15","16","17","18","19","20","21","22","23","24","25","26","27","28","29","30","31","32","33","34","35","36","37","38","39","40","41","42","43","44","45","46","47","48","49","50","51","52","53","54","55","56","57","58","59","60","61","62","63","64","65","66","67","68","69","70"
"1",0,0.527276839655912,0.534648466960869,0.483333538088573,0.756416626972698,0.763663165911314,0.838510377221665,0.845848233726454,0.466965512761749,0.836280970832539,0.791070720580609,0.812223369751505,0.901888100481076,0.853247044002424,0.569263213272361,0.750953133739261,0.849362667826211,0.761715084435323,0.688096861465359,0.890313748500207,0.896323153707269,0.959117779678072,0.688153441244156,0.878551189930989,0.768726815523314,0.701046088430849,0.927392722193796,0.893763714153434,0.882362917476022,0.623215213863867,0.656356176233413,0.864784782256297,0.792240678798954,0.838076656162946,1.00063071437671,0.796614568533687,0.994299334856065,0.757901955015508,0.863082129994974,0.873475752962014,0.83325426263341,0.905770497196558,0.775881630444873,1.03801468715643,0.867426804652686,0.840891960188643,1.06806340244536,0.977591575348132,0.998732895813367,0.819817513090915,0.891538953686698,0.919883818978443,0.924133509842149,0.901745086691883,0.938765740919392,0.868382259421244,1.14798530907845,1.04472648789513,0.954793030410637,0.854472937763842,0.970861087463746,1.08488654203521,0.812950083938387,0.931021237278285,0.994813468713965,0.988072635702691,0.881309718627468,0.826706658027201,0.934326152630445,0.931168043783527
"2",0.527276839655912,0,0.330244638695031,0.397592989597506,0.818806577815793,0.848965229023738,0.937484848301902,0.876237685749342,0.535185568629511,0.946005018279218,0.922699453536893,0.967420654268061,0.95464394518825,0.929018293403197,0.547610422258593,0.892399414187526,1.00048127633138,0.827623685569464,0.81771830628409,0.912059356363468,0.992277238753018,1.00233890673084,0.848315716384867,0.971935894735107,0.922638369011077,0.758874281247734,0.95986949625567,0.974520365035679,1.04474530555975,0.721501100769644,0.64151608534621,0.907624723838647,0.870365647135471,0.873112789654351,1.03013426235371,0.804133597825944,0.983443002052263,0.679733284540174,0.73622445131902,0.754040960996631,0.697422438511563,0.743199079824053,0.677319693013795,0.921471207529317,0.830253137511017,0.795938267482919,1.02354531896822,0.806035756773555,1.00631204449486,0.745816856882917,0.855549435999995,0.839559775822645,0.849209977271815,0.866122169299348,0.857846978747656,0.800156323891108,1.11320419101141,0.957016837729313,0.86957129837215,0.78438958343662,1.00139216939368,1.22333989911176,0.868478040175743,0.875461896342639,0.920043515921226,0.985716361409966,0.751621239762752,0.774603262530283,0.875791131395431,0.884747611348531
"3",0.534648466960869,0.330244638695031,0,0.362908981282388,0.747290511510843,0.748236382653539,0.891111993545622,0.842780149114275,0.503415150413035,0.892819096554995,0.90778118258565,0.925108239502184,0.923524990186562,0.909999764001283,0.58336123254036,0.871747317610614,0.912549843059212,0.809672358250255,0.822990638729229,0.894852297123556,0.975919246911056,0.974366057425749,0.830965956637519,0.915912869267425,0.901338387702561,0.700597994221398,0.921331761511253,0.95552631968671,1.01678388052066,0.707412628348133,0.656553653026219,0.882732330858504,0.88727152207287,0.863729846578769,1.01128668214296,0.794408004947875,0.999418499571803,0.711287932324627,0.714998188259535,0.851930054980318,0.783296331119449,0.822011304218634,0.685413271568977,0.922716890391229,0.85215267204633,0.812447806567227,1.06547620205176,0.858975315441199,1.04130426773279,0.855575024508187,0.898883878787747,0.867218673237595,0.904614603288849,0.936532371243224,0.899543409988177,0.872006777993435,1.10384069996337,1.02743299505997,0.839280152427459,0.873115134019647,1.06466194400593,1.28044574312123,0.862400539313057,0.934257207910749,0.94199528598433,1.0212729592589,0.78407271956202,0.844815453224219,0.858625013349997,0.914419989856527
"4",0.483333538088573,0.397592989597506,0.362908981282388,0,0.693756131097661,0.648997745118602,0.756692304839916,0.789492795779742,0.564884879458215,0.760521633456232,0.800202019321284,0.796170497372275,0.831266139284962,0.748462439483572,0.525208296576001,0.807644619680124,0.876218111400947,0.63608710867472,0.68203153250494,0.814571903554301,0.848573874600296,0.864968619461362,0.729843898872842,0.832122299736174,0.844340871435986,0.649231294894262,0.83074002014152,0.884286929063654,0.911138279330721,0.639915242706806,0.58527157983254,0.767481354155251,0.768413748695124,0.767010980575081,0.912831023781598,0.716702749117607,0.881268193461769,0.711010461706072,0.801207538643092,0.818510966391737,0.75686021587616,0.829687648112133,0.68916051055627,0.985844567588149,0.823006365320411,0.726839217287383,0.983649500455112,0.851214635989194,0.970115713131662,0.777836440262787,0.866833463837578,0.840023477987715,0.863510902132285,0.923541538254552,0.910079562967722,0.876669833466489,1.12571206487412,0.971275061294546,0.907884817813917,0.822798316742697,0.960122934381923,1.13788025687022,0.767106725811349,0.883828275009013,0.890037758883055,0.927833805310779,0.859007891830649,0.781581688798963,0.766778332404994,0.839691165948506
"5",0.756416626972698,0.818806577815793,0.747290511510843,0.693756131097661,0,0.449186737405755,0.57038946334871,0.438330322492824,0.703065718451662,0.538717036480996,0.558384162124201,0.555116906112117,0.588088017086076,0.619623543413801,0.763528047074417,0.651207473102863,0.600314476645295,0.587066352298166,0.664594838826927,0.633285110287484,0.642525585649759,0.624487472351999,0.809792193266179,0.655108366338822,0.561805730086896,0.530949866207501,0.589913100877572,0.854547028971635,0.804062478251478,0.873084193048941,0.888822521580172,0.735044436187987,0.884778384285282,0.631444849058539,0.865105857308863,0.858110628195027,0.959542657773942,1.11235651447169,0.995208866451885,1.04740403723968,1.07468741654562,1.12260524126905,1.12674848492344,1.26858896377879,1.07534387163679,0.948335325664159,0.96059110013709,1.14190748964697,1.01571072774367,1.02877422421156,1.10657608447339,1.14216739224995,1.09616913027721,1.18105136255291,1.07966138608469,1.1545630456256,1.33841842226235,1.08851706763235,1.25015462055916,1.09204696996154,1.12543118368596,1.15167932409618,0.966916865263485,1.06842087474635,1.0340490256819,0.961083203955092,1.2756117711038,0.997547812827975,0.829898301814071,1.02154967412973
"6",0.763663165911314,0.848965229023738,0.748236382653539,0.648997745118602,0.449186737405755,0,0.356214517594552,0.457543335064902,0.706834204865651,0.431132244007302,0.641120883595349,0.473337634798423,0.552892583518655,0.482105420922603,0.834322874727294,0.654738229257783,0.591173681712283,0.459447251852014,0.550123218583463,0.58212396895938,0.502500525791345,0.578895817483854,0.774258849195009,0.575405119355791,0.674174387940943,0.619962932550641,0.564117314352611,0.838167491349374,0.78533049591962,0.827595365144208,0.878373654667469,0.668698237683253,0.847305938404108,0.609306368777724,0.757828187335546,0.78940698770847,0.828711425111494,1.10117896646781,1.04273678602749,1.07130154045894,1.11425630501763,1.15623576582845,1.07918079105388,1.23846311339784,1.05884359065408,0.871914613392182,0.919003383554605,1.15206500537586,0.961086938908207,1.07125996440206,1.11522450101638,1.13699972395896,1.10146023167668,1.20540979339178,1.10087104998136,1.18103415937892,1.33505368536867,1.09948136123405,1.22584716865455,1.13375033697376,1.12845592729249,1.13086395144615,0.903913799704914,1.08011485880068,1.01409673370311,0.927337837374241,1.29650665209795,1.01684937368516,0.808930709607435,1.01349167538161
"7",0.838510377221665,0.937484848301902,0.891111993545622,0.756692304839916,0.57038946334871,0.356214517594552,0,0.503913270518349,0.786514409289402,0.387193601807758,0.616728848528695,0.354064456367384,0.541118424048835,0.471563315333568,0.856212924814374,0.564716590980111,0.474160220418325,0.40997102711975,0.56131897735299,0.566242215817858,0.388287641883262,0.480763276564741,0.786436360788257,0.421559852686558,0.591666177541043,0.597260608098689,0.528263490589048,0.773459153713611,0.651082656980684,0.854242838951058,0.906656363720991,0.676525419212984,0.81409331137372,0.567506024891002,0.727719851897762,0.816478854706394,0.811465447103607,1.19764172866611,1.10555037039209,1.12039201686459,1.17111987536235,1.22006960164403,1.18535121523963,1.35657233396336,1.12162642557407,0.910868692147368,0.921750178778148,1.23706973355732,0.97361431132793,1.09662645082745,1.16966813224325,1.21697366340842,1.16275548479412,1.25083120451241,1.16082600594951,1.24937273061972,1.39443337755679,1.11989797392677,1.35312802228617,1.17703370458607,1.1295626545596,1.0714658114451,0.971541144568797,1.14586515652529,1.10546147976564,0.958782903974277,1.387835792015,1.08365068038983,0.905784296262857,1.07965802936887
"8",0.845848233726454,0.876237685749342,0.842780149114275,0.789492795779742,0.438330322492824,0.457543335064902,0.503913270518349,0,0.674296895691033,0.446705964967636,0.561548112480555,0.509215051692405,0.477955435841736,0.512147765734454,0.798767955554112,0.545901042891469,0.552894176638563,0.568852830012783,0.652406890018228,0.493511509346375,0.604453899039264,0.624700040333642,0.790485486295316,0.600248600073848,0.635111396634647,0.565499828161648,0.53488836643444,0.809372954387247,0.763686062934066,0.863797453291612,0.973820073192708,0.720524119760584,0.895949181062243,0.634252035070323,0.889366393537981,0.911503880550579,0.966506193964161,1.1711610881749,1.08775231826149,1.11651154837224,1.16702085830043,1.19721767952598,1.19315277374782,1.34866755655976,1.13044431449877,0.972716920008293,0.980184620460581,1.22865197114577,0.94994336067494,1.08692444439053,1.1437439892485,1.22582037703478,1.14862021884401,1.23237753966351,1.09466117032706,1.22292135037041,1.4142135623731,1.13580860215626,1.36463849179592,1.15187272552923,1.15692678328532,1.11539041600409,0.945584162368243,1.10629621470189,1.07908031408392,0.905478281085378,1.39292992347076,1.03167315784257,0.853828680130293,1.0774480440353
"9",0.466965512761749,0.535185568629511,0.503415150413035,0.564884879458215,0.703065718451662,0.706834204865651,0.786514409289402,0.674296895691033,0,0.801086074345147,0.808643835959435,0.779594536829107,0.744564355582737,0.849529406481319,0.543373719356544,0.619663143287397,0.738601111117573,0.773140680270502,0.71673370737209,0.746768573270238,0.839212400518636,0.893640210152134,0.699966456162628,0.762079784486205,0.760633546968382,0.603804435920453,0.84203769101217,0.830381528181783,0.89737361814825,0.692519739848251,0.729239769752968,0.804691139521059,0.884288461218517,0.763475726725472,0.999494984215019,0.825507027207325,1.00550788609358,0.876704070809881,0.827176846219348,0.940708651008148,0.939725387954729,0.945627677476463,0.837517854234378,1.0716384678585,0.943789235721285,0.855528618819865,1.03625633089153,1.02777140427655,0.964979740509354,0.911483224584553,0.954743772079014,1.01550907763947,0.988723288919601,1.00214921463207,0.919289942400174,0.964675624436773,1.22724700108625,1.06916323443,1.05788747184445,0.965391585959295,1.09113028849651,1.2139920507691,0.889149002946012,0.993216714099281,1.02083609446632,0.968393115516855,1.00573086110633,0.910434166143198,0.935518338624802,1.00709793996848
"10",0.836280970832539,0.946005018279218,0.892819096554995,0.760521633456232,0.538717036480996,0.431132244007302,0.387193601807758,0.446705964967636,0.801086074345147,0,0.567445996675396,0.33955897665082,0.503576747413257,0.355847485973129,0.828728160897546,0.526083240257021,0.517752512257547,0.399550034612334,0.55818921523264,0.507530395974022,0.493432007441634,0.524297217307852,0.799885315467258,0.549096012270148,0.643771928019536,0.587928585401996,0.458784492055736,0.790888117388763,0.695617115156456,0.821453053935026,0.936164480415145,0.716806616215593,0.835024331955991,0.615843587617785,0.779825416072264,0.862485138204828,0.874974938051217,1.20825078546548,1.10382561995657,1.13626510171806,1.1731274959731,1.21734410612596,1.20586610525052,1.3916276710915,1.10349975942503,0.925921247767235,0.954839761925696,1.24543143425375,0.975717694166581,1.09256430375649,1.14168645956227,1.21213555473919,1.15615520115236,1.23342687529843,1.12928977074742,1.24423213336142,1.35475223196549,1.13830461401687,1.35467206390975,1.1790153269732,1.11787203393311,1.0687541561579,0.904941436493975,1.12326761300999,1.09407529050115,0.925789589095651,1.38794119442202,1.04762155520504,0.841638050596742,1.07212916500708
"11",0.791070720580609,0.922699453536893,0.90778118258565,0.800202019321284,0.558384162124201,0.641120883595349,0.616728848528695,0.561548112480555,0.808643835959435,0.567445996675396,0,0.518648084389193,0.715516676720651,0.600679217802769,0.766321381810835,0.596506369694841,0.6308775365245,0.619089228206361,0.687068835220748,0.668018765374243,0.730112909788349,0.807649794020202,0.721302968128741,0.671666594520666,0.542286882982573,0.652900635250543,0.719770181336676,0.763716462681069,0.61899908515495,0.751578830836606,0.951325152172098,0.778311379209679,0.725865455562083,0.755344312358676,0.9922698518904,0.96130079467156,1.04457117756746,1.12418319285661,1.12704083629344,1.11425000600934,1.11752494478718,1.1913175924439,1.15345500292286,1.28632901527664,1.07139994260295,1.03921348444556,1.0777586673671,1.23402335909302,0.96642917911233,1.0321495501007,1.12299693770659,1.15964475644522,1.10039313379791,1.14771833695894,1.14811924530997,1.17204375768666,1.28388769276276,1.14235208470124,1.32696844799506,1.11945237882743,1.01065204161946,0.908038079259011,0.946038002645781,1.0627164534707,1.07804864125531,0.941513831578026,1.36478453360939,1.01998210927018,0.869006368463087,1.03797198031455
"12",0.812223369751505,0.967420654268061,0.925108239502184,0.796170497372275,0.555116906112117,0.473337634798423,0.354064456367384,0.509215051692405,0.779594536829107,0.33955897665082,0.518648084389193,0,0.422011223691878,0.555456202682507,0.837974867973649,0.398276582826738,0.382783232247653,0.497462705413497,0.582634328458476,0.603426426311663,0.405730390628356,0.506407642654818,0.720669770225587,0.422658166145343,0.523022475474355,0.506313133978607,0.49660957446101,0.694810305962434,0.572494263354563,0.796695805234939,0.890644993114166,0.68563675677341,0.764123831453041,0.579511066958392,0.746778994243373,0.835468081536526,0.848505618445643,1.18088603391031,1.07240207297308,1.10457809065728,1.14618069417517,1.18840353491017,1.16761577428015,1.36885730936064,1.08356313534537,0.888862106074115,0.917567368635421,1.24224326758188,0.932962913583881,1.04093137066713,1.10953481892489,1.19228750169311,1.12083051946544,1.20509030965745,1.11764650613333,1.21043922496813,1.32773077501102,1.1070234494871,1.3463318659312,1.13777126542829,1.07405270219468,0.990113137557808,0.885528380651906,1.09565966588208,1.0674236332808,0.884500668554889,1.3851655651117,1.0097065354368,0.835900245633405,1.03160615983417
"13",0.901888100481076,0.95464394518825,0.923524990186562,0.831266139284962,0.588088017086076,0.552892583518655,0.541118424048835,0.477955435841736,0.744564355582737,0.503576747413257,0.715516676720651,0.422011223691878,0,0.678208609481745,0.890221799155382,0.521199787210103,0.558731665979035,0.632814859164533,0.705694595568193,0.599121860745588,0.540238212194161,0.529411099513931,0.843206961951669,0.498345935201797,0.713970572346655,0.481577278494375,0.53206577875568,0.741031715113112,0.764664363668948,0.894786646987583,0.92685430367214,0.729250175379443,0.916018333980283,0.590953246292882,0.785131309511837,0.870748589080571,0.895832803569985,1.19002676334458,1.04410257607267,1.12821284609647,1.16930108943562,1.18099339950776,1.16842683744539,1.37249258437606,1.13607870148493,0.902244582815669,0.902161959638204,1.21361053495056,0.956700208132926,1.0816431668497,1.11320172089853,1.18438849337258,1.12045417736933,1.26592182595663,1.10749809040009,1.24623335631365,1.37611816328012,1.08803707244897,1.35896259350051,1.14503217624435,1.16480594320132,1.139543639921,0.922564598701318,1.12491832003465,1.0687119892224,0.884300076431225,1.40097530170482,1.04463314467266,0.801937607730091,1.02663444227952
"14",0.853247044002424,0.929018293403197,0.909999764001283,0.748462439483572,0.619623543413801,0.482105420922603,0.471563315333568,0.512147765734454,0.849529406481319,0.355847485973129,0.600679217802769,0.555456202682507,0.678208609481745,0,0.776409575736392,0.713592034553633,0.676858578708993,0.356776524378862,0.548081519260977,0.432382900259845,0.614393657549066,0.594685248649047,0.8400664243933,0.702973194530808,0.754944501093659,0.704185206993944,0.560621557880967,0.88302458207863,0.744469452889339,0.845958071035582,0.970538883113743,0.730760970441051,0.842644825644135,0.669905774995742,0.824276714495989,0.91005833422482,0.895487079814989,1.16841712385106,1.14114791776488,1.14235100211332,1.16494998896488,1.24176250845534,1.19012238029189,1.33783107583673,1.12080435979516,0.977571935754193,0.998005217039419,1.22037262107353,1.00607159111017,1.11933686823506,1.19134260251435,1.21608042733579,1.17945704744849,1.25479632244707,1.16733416046749,1.26327839004102,1.37692260587119,1.15823622942805,1.33827920766722,1.19195020736502,1.13058941610078,1.10076621346871,0.942325813910719,1.13639694824491,1.08117763231046,0.977102745489113,1.38072286517532,1.07629098563595,0.843650724008136,1.08438101272089
"15",0.569263213272361,0.547610422258593,0.58336123254036,0.525208296576001,0.763528047074417,0.834322874727294,0.856212924814374,0.798767955554112,0.543373719356544,0.828728160897546,0.766321381810835,0.837974867973649,0.890221799155382,0.776409575736392,0,0.761040117715036,0.828633942419534,0.730508350958085,0.702539763928296,0.779145621863711,0.94637993697708,0.927900845754579,0.681443763475337,0.85417184385107,0.745754435834033,0.63147588550716,0.901719724775029,0.803132927075192,0.821227220733727,0.659210189436192,0.611663085913761,0.799226904174285,0.747327985581416,0.765901467962506,1.00242070539697,0.815850615327671,0.972412519533333,0.804110968607378,0.76033265739274,0.836604202190582,0.786066169792147,0.855924520260559,0.849408610880866,1.07043304805545,0.837262246016081,0.845797067941649,1.01084480476921,0.917315864387247,0.958527538550515,0.798515679296111,0.891287383095495,0.912893623518493,0.911930407675806,0.89216426531499,0.887759143788212,0.884477056258812,1.13612184257143,0.979603720526368,1.01415112417417,0.838057859626286,0.961818992533349,1.11159007575308,0.825268420775874,0.916165884359493,0.973692790732053,0.93777239165522,0.935185812060667,0.865568959098644,0.893636369167092,0.923115766166079
"16",0.750953133739261,0.892399414187526,0.871747317610614,0.807644619680124,0.651207473102863,0.654738229257783,0.564716590980111,0.545901042891469,0.619663143287397,0.526083240257021,0.596506369694841,0.398276582826738,0.521199787210103,0.713592034553633,0.761040117715036,0,0.433099736734464,0.671452657084815,0.675010779242625,0.680715301508364,0.549201118986972,0.666403934793388,0.691021544310874,0.506262083579119,0.565822855153368,0.514298622404173,0.598060004679187,0.635972939798856,0.66033911807208,0.732374064241121,0.870028822351985,0.737976575906331,0.827366340969117,0.624297833146587,0.84599042906249,0.84683916699899,0.931825119348271,1.14017691031137,0.997904504048183,1.09973029476682,1.13707452242278,1.13509845262789,1.09362337294959,1.30606929133421,1.05320030045506,0.885206785569254,0.970009706178084,1.22842111201288,0.93778172622401,1.01690728389933,1.05658309483015,1.17011049154734,1.09409183377904,1.15358296696457,1.06446661199101,1.1483149876011,1.25295349569728,1.12029783001979,1.29183120755867,1.11303181072129,1.09454148387538,1.04371914801526,0.890774622679796,1.07432696263486,1.07929403267295,0.890849903591541,1.32074497052624,0.98966841853515,0.882805787048811,1.04846898766064
"17",0.849362667826211,1.00048127633138,0.912549843059212,0.876218111400947,0.600314476645295,0.591173681712283,0.474160220418325,0.552894176638563,0.738601111117573,0.517752512257547,0.6308775365245,0.382783232247653,0.558731665979035,0.676858578708993,0.828633942419534,0.433099736734464,0,0.614717006368452,0.676076972755848,0.652793494508364,0.538723205896226,0.549156099335385,0.720041599399991,0.442392126464856,0.474379342191128,0.457808656250743,0.589366756161693,0.676303407603121,0.531381160469152,0.810702938258911,0.907874058165681,0.729516607136353,0.84081440668828,0.590895357834804,0.810117031028303,0.897143630923361,0.940211498875811,1.20257755116006,1.02997103035258,1.16137396891641,1.19921589871324,1.22784802961445,1.19611914361027,1.36946839520729,1.11935045515277,0.955133516945337,0.999274638171128,1.28024919939442,0.968392223125718,1.12651979663003,1.15750901811836,1.23730047685751,1.17508430394366,1.25407127249781,1.12841569644629,1.24729649067376,1.38761104087205,1.17302300345388,1.34521568396356,1.19399743722362,1.17671359101605,1.11350075924865,0.962421242997195,1.1579376005634,1.11712148223762,0.958896098442161,1.39343887108997,1.08476614223066,0.91260035229801,1.10079685996968
"18",0.761715084435323,0.827623685569464,0.809672358250255,0.63608710867472,0.587066352298166,0.459447251852014,0.40997102711975,0.568852830012783,0.773140680270502,0.399550034612334,0.619089228206361,0.497462705413497,0.632814859164533,0.356776524378862,0.730508350958085,0.671452657084815,0.614717006368452,0,0.482446502554166,0.523289931601602,0.545702220534294,0.510671561862047,0.700160905365825,0.627759811515206,0.661295862687077,0.585527588832911,0.550763448031764,0.813728698824438,0.633277997456207,0.741745650231368,0.811479075664316,0.631186096581678,0.698093407745159,0.600796070713141,0.710755745170767,0.773682472116336,0.759533605397327,1.04429035079279,1.02260997241845,1.0147202479245,1.02581527572295,1.11805410795429,1.0561142921889,1.27836287733866,1.02191214370621,0.826904632186,0.897396874489719,1.12621023759939,0.926117909411423,0.980954130336493,1.0831656904846,1.1097902124277,1.07484656858277,1.1574854720601,1.0738158945646,1.16246614841865,1.33246288634009,1.05510636256875,1.26125305618525,1.07182061926832,1.03744726101683,1.05267062950903,0.861967949673341,1.05499730292185,1.02201058906835,0.918785062710847,1.26710235281077,0.967779707187539,0.77406016353154,0.980259051859411
"19",0.688096861465359,0.81771830628409,0.822990638729229,0.68203153250494,0.664594838826927,0.550123218583463,0.56131897735299,0.652406890018228,0.71673370737209,0.55818921523264,0.687068835220748,0.582634328458476,0.705694595568193,0.548081519260977,0.702539763928296,0.675010779242625,0.676076972755848,0.482446502554166,0,0.605747949854477,0.578845584101995,0.61692775842605,0.664694099694959,0.71542939191108,0.648955796237722,0.66888410500942,0.612098628075958,0.732045764279137,0.739079501694348,0.608535157621321,0.696066626419108,0.525033657788091,0.616620837384009,0.530221409273544,0.671652757305177,0.599262531565815,0.603150937641321,0.919087791030538,0.868767303148217,0.799346088010489,0.86910455078735,0.923150184934692,0.98177808644446,1.18831390649889,0.817252058385942,0.677924563929355,0.693536870240911,0.948693187473678,0.70363953768511,0.81328413328834,0.87392107944442,0.9494372707157,0.897096703353772,0.946191218911399,0.858380417705352,0.966909837978702,1.19623015023206,0.828435952611925,1.18130396557801,0.904631541085691,0.87625519791307,0.954793466186557,0.77422987651741,0.882588125876787,0.95870659786476,0.770665090031636,1.17804211055194,0.904762156644872,0.833755844449874,0.857300979453737
"20",0.890313748500207,0.912059356363468,0.894852297123556,0.814571903554301,0.633285110287484,0.58212396895938,0.566242215817858,0.493511509346375,0.746768573270238,0.507530395974022,0.668018765374243,0.603426426311663,0.599121860745588,0.432382900259845,0.779145621863711,0.680715301508364,0.652793494508364,0.523289931601602,0.605747949854477,0,0.614595030227328,0.571684197422846,0.915120152717638,0.609873629681525,0.798205092740582,0.663200418570671,0.477382968806397,0.885690534143432,0.850763984869496,0.884201568107579,1.02484193819782,0.739709224947011,0.928960877426376,0.681391560762676,0.833342695628251,0.911124698523867,0.925671877974223,1.15936326083081,1.11063001411767,1.15576050424426,1.19214761757535,1.23578543319239,1.18104580029844,1.32411772108754,1.16849433170637,0.990302204203633,0.995105707725185,1.23496922350912,1.03616658529088,1.15313238765839,1.21253836464004,1.25635024522165,1.21146315669288,1.29316334623945,1.17208324598923,1.28930092872657,1.39566163395206,1.15668367760625,1.38536735730682,1.21713944509411,1.21721552711739,1.22218522918036,1.04128438209103,1.1752033642137,1.13037757653905,1.03128721159179,1.39912352269757,1.11625447438521,0.919268607301975,1.13535385712572
"21",0.896323153707269,0.992277238753018,0.975919246911056,0.848573874600296,0.642525585649759,0.502500525791345,0.388287641883262,0.604453899039264,0.839212400518636,0.493432007441634,0.730112909788349,0.405730390628356,0.540238212194161,0.614393657549066,0.94637993697708,0.549201118986972,0.538723205896226,0.545702220534294,0.578845584101995,0.614595030227328,0,0.413592449077404,0.813959300814432,0.491249638294207,0.651348364785382,0.629899373236118,0.469799252145992,0.769933097790487,0.759192617360203,0.872337164876476,0.911769134433361,0.656775876822645,0.85597308904567,0.495636635349003,0.642085022480017,0.75558967100186,0.720347309548694,1.17484025490046,1.07918986958545,1.06779199792916,1.16769920509342,1.19547755401546,1.13102847769413,1.27806007300465,1.09160332187851,0.835598427011885,0.814919560480579,1.19897653915031,0.920973468113266,1.07522361110891,1.12923862657615,1.19306742208218,1.12000817791645,1.23243945878616,1.10575129184921,1.20452406644256,1.34725644722584,1.06171952459409,1.30363689038581,1.14772372245417,1.12909079740728,1.06782061709283,0.956317662739755,1.09329023752486,1.03758618745331,0.9072438912288,1.38320016213365,1.03920006306499,0.841220971519768,1.02934732574845
"22",0.959117779678072,1.00233890673084,0.974366057425749,0.864968619461362,0.624487472351999,0.578895817483854,0.480763276564741,0.624700040333642,0.893640210152134,0.524297217307852,0.807649794020202,0.506407642654818,0.529411099513931,0.594685248649047,0.927900845754579,0.666403934793388,0.549156099335385,0.510671561862047,0.61692775842605,0.571684197422846,0.413592449077404,0,0.859725383270115,0.562887184231989,0.732598544460091,0.567931450370987,0.426868002761095,0.788918368701766,0.742308208335405,0.906728104701913,0.909325230377686,0.62231087905833,0.845486121331564,0.476581222025421,0.578076114777903,0.765280712674308,0.708392081236698,1.17357845433444,1.02330940934351,1.07862947812324,1.14211579176568,1.16772055575508,1.17412312558791,1.37135165777083,1.08850159496017,0.821601397176841,0.765014519460247,1.15587702042299,0.943635767035315,1.07954267614504,1.11286454525751,1.17315839158163,1.12946832756125,1.2493447674753,1.09733790678178,1.24701994180876,1.35922824781837,1.0159167816704,1.3586853402017,1.13372927355959,1.1398008874591,1.14083111367871,0.970201082643897,1.11072138866009,1.06590063941243,0.917708854006931,1.3932592836958,1.06724931426229,0.791011371099125,1.02267394743884
"23",0.688153441244156,0.848315716384867,0.830965956637519,0.729843898872842,0.809792193266179,0.774258849195009,0.786436360788257,0.790485486295316,0.699966456162628,0.799885315467258,0.721302968128741,0.720669770225587,0.843206961951669,0.8400664243933,0.681443763475337,0.691021544310874,0.720041599399991,0.700160905365825,0.664694099694959,0.915120152717638,0.813959300814432,0.859725383270115,0,0.823744823902706,0.629796968452294,0.620514310250846,0.918946370152136,0.618335526499104,0.599484506573581,0.524303852994802,0.62938840369808,0.571262892365195,0.503751767039827,0.653071135303184,0.876946637498488,0.737650634345913,0.821554477539127,0.842863809714497,0.885578409755813,0.810789302326024,0.835521583535483,0.891452217092554,0.843561918365388,1.14443491845114,0.752608045667567,0.704019992466476,0.868623638240993,1.02139388964529,0.666672768314085,0.771105691753463,0.785399982379033,0.898518573143282,0.824784414131232,0.850699737691149,0.798946656675062,0.890730336937164,1.15591755306297,0.885542520529496,1.11754075915773,0.834506524187549,0.803661277725923,0.794423732913696,0.643035756116232,0.834993089363845,0.936236249050554,0.718975819846788,1.11413347645944,0.804654464396276,0.787641414678073,0.810241455293247
"24",0.878551189930989,0.971935894735107,0.915912869267425,0.832122299736174,0.655108366338822,0.575405119355791,0.421559852686558,0.600248600073848,0.762079784486205,0.549096012270148,0.671666594520666,0.422658166145343,0.498345935201797,0.702973194530808,0.85417184385107,0.506262083579119,0.442392126464856,0.627759811515206,0.71542939191108,0.609873629681525,0.491249638294207,0.562887184231989,0.823744823902706,0,0.622205943508531,0.542127902987902,0.579611731257717,0.711717982448163,0.675264324799216,0.854605671733944,0.924284013825665,0.783203858430432,0.871352177418827,0.64230058757939,0.770700010059693,0.853982371388901,0.91273571013752,1.20403490702472,1.08381832005888,1.18301795417057,1.22380359598166,1.24311267069671,1.16965390116613,1.35280291472189,1.16096136649654,0.963591683979796,0.993894326014684,1.26093928862788,1.04082147561073,1.15311485307108,1.18280534484993,1.23836798734071,1.19464307834516,1.28605988848695,1.19201007746008,1.28049457545858,1.37411666212335,1.14530059139029,1.36019091106288,1.20430045034939,1.1848479530066,1.14636193440625,1.01489950980775,1.19103090957932,1.1507718698627,1.01289624832128,1.39790423661747,1.13124530319415,0.935962415950967,1.11432308891163
"25",0.768726815523314,0.922638369011077,0.901338387702561,0.844340871435986,0.561805730086896,0.674174387940943,0.591666177541043,0.635111396634647,0.760633546968382,0.643771928019536,0.542286882982573,0.523022475474355,0.713970572346655,0.754944501093659,0.745754435834033,0.565822855153368,0.474379342191128,0.661295862687077,0.648955796237722,0.798205092740582,0.651348364785382,0.732598544460091,0.629796968452294,0.622205943508531,0,0.526964209507086,0.7293358058391,0.613657780028072,0.536042894140231,0.76874935693805,0.794422293307876,0.732426355071866,0.711851401518662,0.596625216941132,0.868224655971653,0.869931581645539,0.942043651180013,1.13571695672226,0.967065348421752,0.986735766276246,1.04596812305195,1.10419724522994,1.16709173016515,1.31725109900349,0.999207924797318,0.94335692605519,0.946184124070912,1.18190561014189,0.872634828950793,0.963633225553279,1.03929533166131,1.13407575090309,1.03581848073312,1.10475557002675,1.00362930280814,1.10027823231191,1.32510693974493,1.0337448195904,1.2884301797065,1.05115537976311,1.01050141815196,0.955559624703088,0.902965482761375,1.02958070925602,1.05744105238261,0.888579647350703,1.31038006410293,0.983448969557622,0.897936603540463,0.987450058933791
"26",0.701046088430849,0.758874281247734,0.700597994221398,0.649231294894262,0.530949866207501,0.619962932550641,0.597260608098689,0.565499828161648,0.603804435920453,0.587928585401996,0.652900635250543,0.506313133978607,0.481577278494375,0.704185206993944,0.63147588550716,0.514298622404173,0.457808656250743,0.585527588832911,0.66888410500942,0.663200418570671,0.629899373236118,0.567931450370987,0.620514310250846,0.542127902987902,0.526964209507086,0,0.633672854598147,0.620706461593025,0.614023155646803,0.693019199183673,0.689925043614099,0.616613829781226,0.736403281797392,0.487422722869334,0.761841917421773,0.756265210456618,0.877494925097128,0.991103729718062,0.846223641995946,0.962205303743056,0.97548713439325,1.03370048939638,0.988028712662104,1.24660742549239,0.968183461356972,0.785118753623543,0.908460505798261,1.08896513161773,0.88619588413882,0.931341800498566,0.970901880699847,1.03953255825144,0.981238090114937,1.10774861448425,0.949215339325818,1.08464456590818,1.28472332326276,1.00905041767945,1.19958515304677,0.98035392801179,1.05539833819533,1.09931834235922,0.795501678004451,1.01480511829733,0.993777377835127,0.872258614424928,1.20354092052622,0.903165878068538,0.714680768741056,0.911292773804728
"27",0.927392722193796,0.95986949625567,0.921331761511253,0.83074002014152,0.589913100877572,0.564117314352611,0.528263490589048,0.53488836643444,0.84203769101217,0.458784492055736,0.719770181336676,0.49660957446101,0.53206577875568,0.560621557880967,0.901719724775029,0.598060004679187,0.589366756161693,0.550763448031764,0.612098628075958,0.477382968806397,0.469799252145992,0.426868002761095,0.918946370152136,0.579611731257717,0.7293358058391,0.633672854598147,0,0.753866307203251,0.79703166673567,0.853754893155721,0.932345024275629,0.71690506013442,0.85831470235356,0.58519114192638,0.651006774028167,0.812222036102066,0.775427792967357,1.14659419380426,1.0039212406006,1.08785517846958,1.13106511991645,1.15362904299807,1.16381578378529,1.32623306817627,1.05539879137851,0.854410469923084,0.836217871352147,1.14381566026032,0.93775247955634,1.06697008407416,1.10277524193802,1.15908916678885,1.10901089202226,1.24917336497629,1.08675636520342,1.2298455218224,1.29871544865491,1.05218716193288,1.3297714513074,1.1508919496952,1.14451300776895,1.15861614422222,0.940079668425595,1.07161687899702,1.02609050256663,0.897357612823141,1.38814483407164,1.03632579627018,0.745872106219277,1.00579839931929
"28",0.893763714153434,0.974520365035679,0.95552631968671,0.884286929063654,0.854547028971635,0.838167491349374,0.773459153713611,0.809372954387247,0.830381528181783,0.790888117388763,0.763716462681069,0.694810305962434,0.741031715113112,0.88302458207863,0.803132927075192,0.635972939798856,0.676303407603121,0.813728698824438,0.732045764279137,0.885690534143432,0.769933097790487,0.788918368701766,0.618335526499104,0.711717982448163,0.613657780028072,0.620706461593025,0.753866307203251,0,0.625915719565794,0.659275215937813,0.641339609065831,0.69885333690562,0.619045119307561,0.530758874802931,0.781427896412562,0.767762168258901,0.799270721174457,1.01656593913804,0.824298995004026,0.914840646500318,0.967123458127332,0.953331893328364,1.0416546487295,1.24292513389015,0.783742268014062,0.76480454144896,0.78622914189758,1.00901962266232,0.645097003934656,0.867096459272046,0.793894752149835,0.893643214268575,0.803578290492764,1.02283845611991,0.865858027642231,1.00133572264337,1.13650952842856,0.857451664174665,1.19695487687629,0.934891839103826,0.895247419441954,0.879350735414244,0.717941356530319,0.865479662313195,0.923233402158429,0.661400316694151,1.28855526535794,0.925496429163664,0.743837386117592,0.754152313927577
"29",0.882362917476022,1.04474530555975,1.01678388052066,0.911138279330721,0.804062478251478,0.78533049591962,0.651082656980684,0.763686062934066,0.89737361814825,0.695617115156456,0.61899908515495,0.572494263354563,0.764664363668948,0.744469452889339,0.821227220733727,0.66033911807208,0.531381160469152,0.633277997456207,0.739079501694348,0.850763984869496,0.759192617360203,0.742308208335405,0.599484506573581,0.675264324799216,0.536042894140231,0.614023155646803,0.79703166673567,0.625915719565794,0,0.696438385022097,0.817631437652666,0.803113819325805,0.566999169509266,0.715951120901259,0.899919356019902,0.936890204329424,0.965989874203728,1.11054734242353,1.04698140692435,1.09601955329019,1.08412100691848,1.17867245162189,1.15033988189985,1.35116494770572,1.01146683642709,0.971663561976136,1.01948151553373,1.22683573035664,0.872412425162413,1.02673883026241,1.08165767874932,1.13066025334036,1.08904384169464,1.13767831788927,1.08331591431864,1.18153830979305,1.34113876367652,1.0993575028166,1.31615793075416,1.10074468403505,0.974945245781027,0.870288711299533,0.816753048531862,1.05907138075795,1.05547661394001,0.858072373279699,1.36061632459124,1.02544267243098,0.813189294532476,0.989583130209876
"30",0.623215213863867,0.721501100769644,0.707412628348133,0.639915242706806,0.873084193048941,0.827595365144208,0.854242838951058,0.863797453291612,0.692519739848251,0.821453053935026,0.751578830836606,0.796695805234939,0.894786646987583,0.845958071035582,0.659210189436192,0.732374064241121,0.810702938258911,0.741745650231368,0.608535157621321,0.884201568107579,0.872337164876476,0.906728104701913,0.524303852994802,0.854605671733944,0.76874935693805,0.693019199183673,0.853754893155721,0.659275215937813,0.696438385022097,0,0.558853095094902,0.696614891493432,0.457973158705173,0.728516092536863,0.836723074341146,0.622221053488629,0.796657742431415,0.638953410799191,0.699293994137344,0.770994318908714,0.712593832459879,0.785749828349481,0.696115026423729,1.00644920042522,0.605093554769025,0.636536003821506,0.862398431617687,0.857073350800788,0.708968152914201,0.759490085580264,0.705561718382226,0.74730924093434,0.776861508708454,0.765292350965196,0.737297426321733,0.824420079763637,0.961643786918885,0.798564811030719,0.971408064071549,0.757675864854937,0.791792138592899,0.919782245051301,0.599209141569996,0.784871993566892,0.897229841044898,0.752703241323611,0.990094632420098,0.847555222762297,0.702097830279076,0.749914303148647
"31",0.656356176233413,0.64151608534621,0.656553653026219,0.58527157983254,0.888822521580172,0.878373654667469,0.906656363720991,0.973820073192708,0.729239769752968,0.936164480415145,0.951325152172098,0.890644993114166,0.92685430367214,0.970538883113743,0.611663085913761,0.870028822351985,0.907874058165681,0.811479075664316,0.696066626419108,1.02484193819782,0.911769134433361,0.909325230377686,0.62938840369808,0.924284013825665,0.794422293307876,0.689925043614099,0.932345024275629,0.641339609065831,0.817631437652666,0.558853095094902,0,0.737268043159847,0.557527574243856,0.659375328099593,0.81220801143064,0.556007482205554,0.688519612558878,0.617922610733456,0.509770070883666,0.534221843327933,0.518218999361291,0.580888935194297,0.675335050731667,0.972444641141588,0.474406525088845,0.519104652167383,0.726049305863556,0.610400898749432,0.661402418071561,0.550374127405341,0.530297736627117,0.525549524708759,0.54747985169569,0.684634349230944,0.596267987639003,0.644922699385011,1.00696928932031,0.66973292823395,0.822306073995902,0.580060244984466,0.739362846592974,0.979941906201342,0.594182853054402,0.666764667586573,0.783850336114617,0.715727138405327,0.806275863964149,0.724147015299735,0.725538487998866,0.584555677453459
"32",0.864784782256297,0.907624723838647,0.882732330858504,0.767481354155251,0.735044436187987,0.668698237683253,0.676525419212984,0.720524119760584,0.804691139521059,0.716806616215593,0.778311379209679,0.68563675677341,0.729250175379443,0.730760970441051,0.799226904174285,0.737976575906331,0.729516607136353,0.631186096581678,0.525033657788091,0.739709224947011,0.656775876822645,0.62231087905833,0.571262892365195,0.783203858430432,0.732426355071866,0.616613829781226,0.71690506013442,0.69885333690562,0.803113819325805,0.696614891493432,0.737268043159847,0,0.646964557654715,0.467063681942133,0.616947606926,0.597435378662189,0.566581128905211,0.926705745391149,0.864730131392969,0.805913269368477,0.877980955959507,0.913611765033665,0.93838644258942,1.19137320948114,0.789207300547595,0.547013961589738,0.60647447552752,0.963445870057619,0.630065404970405,0.816025254607528,0.813599054757252,0.908025372047722,0.845462539761284,0.946795207938917,0.788409269179826,0.97579134873379,1.13942413434924,0.766734871802395,1.20848951759546,0.867272776982648,0.901516118462698,0.935035754922273,0.795974391575397,0.878122105146376,0.959682688137675,0.747037435353719,1.21142649723621,0.913619341751129,0.756942058454946,0.829624527618491
"33",0.792240678798954,0.870365647135471,0.88727152207287,0.768413748695124,0.884778384285282,0.847305938404108,0.81409331137372,0.895949181062243,0.884288461218517,0.835024331955991,0.725865455562083,0.764123831453041,0.916018333980283,0.842644825644135,0.747327985581416,0.827366340969117,0.84081440668828,0.698093407745159,0.616620837384009,0.928960877426376,0.85597308904567,0.845486121331564,0.503751767039827,0.871352177418827,0.711851401518662,0.736403281797392,0.85831470235356,0.619045119307561,0.566999169509266,0.457973158705173,0.557527574243856,0.646964557654715,0,0.686674242126781,0.805479215304726,0.670545607603948,0.706389394147844,0.759984066352601,0.804641744334244,0.691744463408991,0.675842148500646,0.796598591136159,0.868171381536406,1.14846440155288,0.590342659432004,0.657594021143311,0.749389768065405,0.860735437839868,0.582906650009875,0.672279551666907,0.695956015783477,0.763946145230321,0.738268799431534,0.750363631441167,0.72869195340126,0.850398134556344,1.05347750707586,0.698832815305409,1.1174119890609,0.736430425547588,0.618774943485679,0.71647061358946,0.603292099165013,0.736301981867019,0.898590022697758,0.672408869392274,1.10059221876039,0.824573353187118,0.698268250293027,0.694092600945309
"34",0.838076656162946,0.873112789654351,0.863729846578769,0.767010980575081,0.631444849058539,0.609306368777724,0.567506024891002,0.634252035070323,0.763475726725472,0.615843587617785,0.755344312358676,0.579511066958392,0.590953246292882,0.669905774995742,0.765901467962506,0.624297833146587,0.590895357834804,0.600796070713141,0.530221409273544,0.681391560762676,0.495636635349003,0.476581222025421,0.653071135303184,0.64230058757939,0.596625216941132,0.487422722869334,0.58519114192638,0.530758874802931,0.715951120901259,0.728516092536863,0.659375328099593,0.467063681942133,0.686674242126781,0,0.615668588471299,0.648614487690344,0.627822750609917,1.01436843113689,0.825106239956721,0.841049321715948,0.941755022021276,0.966218826328925,1.02930401734926,1.21598573385719,0.836247013484785,0.655138877951615,0.628571868357163,0.981612718352825,0.681794165712348,0.885243602677481,0.874844999795394,0.954278622265433,0.878117741554407,1.04787684654361,0.830177400050717,1.01973545163664,1.24358062452087,0.800413874631408,1.19279791311535,0.922535679793174,0.978970682474689,0.993937056464837,0.786097908953884,0.898394983625038,0.905801247721256,0.70713049001714,1.26161193553099,0.933894674251712,0.710972957186042,0.809097003940687
"35",1.00063071437671,1.03013426235371,1.01128668214296,0.912831023781598,0.865105857308863,0.757828187335546,0.727719851897762,0.889366393537981,0.999494984215019,0.779825416072264,0.9922698518904,0.746778994243373,0.785131309511837,0.824276714495989,1.00242070539697,0.84599042906249,0.810117031028303,0.710755745170767,0.671652757305177,0.833342695628251,0.642085022480017,0.578076114777903,0.876946637498488,0.770700010059693,0.868224655971653,0.761841917421773,0.651006774028167,0.781427896412562,0.899919356019902,0.836723074341146,0.81220801143064,0.616947606926,0.805479215304726,0.615668588471299,0,0.555194086210452,0.435815700211952,1.04229041233856,0.886205595866147,0.947540354261945,1.0030421622089,1.03650599490754,1.04862543723935,1.29932133495194,0.913778512649443,0.578610641287976,0.574925531282793,1.00645616589335,0.82208498798412,1.01050579442668,0.958647038759416,1.00487877846574,0.978613621687353,1.16001591733833,0.952817786463037,1.16359804683537,1.17358723214703,0.86434766694938,1.24994464369483,1.03507534086938,1.08370321972203,1.17362880543497,0.883752084183159,1.06759787480664,1.06368304405727,0.940920156816854,1.27084934050411,1.05736605481602,0.783017849982073,0.918278935584659
"36",0.796614568533687,0.804133597825944,0.794408004947875,0.716702749117607,0.858110628195027,0.78940698770847,0.816478854706394,0.911503880550579,0.825507027207325,0.862485138204828,0.96130079467156,0.835468081536526,0.870748589080571,0.91005833422482,0.815850615327671,0.84683916699899,0.897143630923361,0.773682472116336,0.599262531565815,0.911124698523867,0.75558967100186,0.765280712674308,0.737650634345913,0.853982371388901,0.869931581645539,0.756265210456618,0.812222036102066,0.767762168258901,0.936890204329424,0.622221053488629,0.556007482205554,0.597435378662189,0.670545607603948,0.648614487690344,0.555194086210452,0,0.413186205786153,0.731621832097883,0.683024702403377,0.667737683915414,0.72240605974729,0.723981680562713,0.789454121457915,1.08523378780259,0.629134342024855,0.368148298719175,0.507408226826965,0.740740581734852,0.709882842827232,0.770768609658704,0.661230121537138,0.689507423226073,0.727688139835079,0.798598790756376,0.743974828754025,0.834442365951691,0.985820282683796,0.645146579702348,1.02061418187548,0.70629043121016,0.874194688192114,1.03563057971834,0.756947955352967,0.83855607815071,0.966999350840212,0.815824960896596,0.986255942206381,0.90721680507706,0.803757663467504,0.758601820533588
"37",0.994299334856065,0.983443002052263,0.999418499571803,0.881268193461769,0.959542657773942,0.828711425111494,0.811465447103607,0.966506193964161,1.00550788609358,0.874974938051217,1.04457117756746,0.848505618445643,0.895832803569985,0.895487079814989,0.972412519533333,0.931825119348271,0.940211498875811,0.759533605397327,0.603150937641321,0.925671877974223,0.720347309548694,0.708392081236698,0.821554477539127,0.91273571013752,0.942043651180013,0.877494925097128,0.775427792967357,0.799270721174457,0.965989874203728,0.796657742431415,0.688519612558878,0.566581128905211,0.706389394147844,0.627822750609917,0.435815700211952,0.413186205786153,0,0.895866769303816,0.80301908409902,0.700545080049451,0.80069556743361,0.802005119878765,0.936139178829586,1.17875972630347,0.701085314450431,0.398677941589791,0.336752282039246,0.791084116973321,0.626725198680141,0.797183097218687,0.746939431613576,0.793260104794298,0.770546705726731,0.916242723110268,0.778315212061027,0.93997676644832,1.07137852906952,0.623144896003857,1.14470840344379,0.826161584483613,0.882749194807371,1.02036924303078,0.822076952820874,0.863562862632227,0.961680982932796,0.784351639137393,1.13921195466959,0.950829133352102,0.829482314358152,0.773752122226348
"38",0.757901955015508,0.679733284540174,0.711287932324627,0.711010461706072,1.11235651447169,1.10117896646781,1.19764172866611,1.1711610881749,0.876704070809881,1.20825078546548,1.12418319285661,1.18088603391031,1.19002676334458,1.16841712385106,0.804110968607378,1.14017691031137,1.20257755116006,1.04429035079279,0.919087791030538,1.15936326083081,1.17484025490046,1.17357845433444,0.842863809714497,1.20403490702472,1.13571695672226,0.991103729718062,1.14659419380426,1.01656593913804,1.11054734242353,0.638953410799191,0.617922610733456,0.926705745391149,0.759984066352601,1.01436843113689,1.04229041233856,0.731621832097883,0.895866769303816,0,0.651412844988524,0.597180767483075,0.461315502431483,0.565764939706466,0.390862463825829,0.727221189470856,0.573672356573485,0.666276390311641,0.945786173981061,0.580799696636577,0.885378901410738,0.636677906475127,0.612061961019302,0.543681487741413,0.669014507730388,0.625818776203894,0.703271400588245,0.586702635077814,0.86769172117405,0.769351466653178,0.672698663328141,0.506589488487031,0.828416842079343,1.0775610186483,0.740442946104273,0.700999093655705,0.847526476992693,0.906821813402506,0.61613918675062,0.765523625451773,0.862721139877484,0.693214728146555
"39",0.863082129994974,0.73622445131902,0.714998188259535,0.801207538643092,0.995208866451885,1.04273678602749,1.10555037039209,1.08775231826149,0.827176846219348,1.10382561995657,1.12704083629344,1.07240207297308,1.04410257607267,1.14114791776488,0.76033265739274,0.997904504048183,1.02997103035258,1.02260997241845,0.868767303148217,1.11063001411767,1.07918986958545,1.02330940934351,0.885578409755813,1.08381832005888,0.967065348421752,0.846223641995946,1.0039212406006,0.824298995004026,1.04698140692435,0.699293994137344,0.509770070883666,0.864730131392969,0.804641744334244,0.825106239956721,0.886205595866147,0.683024702403377,0.80301908409902,0.651412844988524,0,0.619033277346731,0.559117975587822,0.534499634604906,0.701755679458515,0.904321652458746,0.55383039431323,0.62018561745339,0.750024405399279,0.536559560635753,0.83282932294059,0.67842960073815,0.589683719067296,0.606733097901684,0.687751093533452,0.728093842766104,0.551836776910104,0.678817253370584,0.810821420617955,0.644401816713367,0.762109363706637,0.632537477296415,0.907463823063457,1.20769646991084,0.801520510468968,0.75489007802205,0.85502272328869,0.857025916445157,0.779121772364399,0.899381824030309,0.832351018277862,0.70925675858083
"40",0.873475752962014,0.754040960996631,0.851930054980318,0.818510966391737,1.04740403723968,1.07130154045894,1.12039201686459,1.11651154837224,0.940708651008148,1.13626510171806,1.11425000600934,1.10457809065728,1.12821284609647,1.14235100211332,0.836604202190582,1.09973029476682,1.16137396891641,1.0147202479245,0.799346088010489,1.15576050424426,1.06779199792916,1.07862947812324,0.810789302326024,1.18301795417057,0.986735766276246,0.962205303743056,1.08785517846958,0.914840646500318,1.09601955329019,0.770994318908714,0.534221843327933,0.805913269368477,0.691744463408991,0.841049321715948,0.947540354261945,0.667737683915414,0.700545080049451,0.597180767483075,0.619033277346731,0,0.292854310909127,0.351228385134504,0.733237527987104,0.958529603250661,0.454434733707821,0.564739342127667,0.650907777881795,0.510323001659616,0.618537554355888,0.377370992808665,0.453317383978723,0.560272235347395,0.48427278707125,0.494134888981565,0.418009477963326,0.491689628211006,0.974482284828338,0.454216312544972,0.901016640219889,0.437920620241593,0.649934684023582,0.955477937173911,0.740492969164279,0.57235738824696,0.840410870122124,0.744146826708575,0.773779557236181,0.698236443154544,0.912035435757612,0.61556874575819
"41",0.83325426263341,0.697422438511563,0.783296331119449,0.75686021587616,1.07468741654562,1.11425630501763,1.17111987536235,1.16702085830043,0.939725387954729,1.1731274959731,1.11752494478718,1.14618069417517,1.16930108943562,1.16494998896488,0.786066169792147,1.13707452242278,1.19921589871324,1.02581527572295,0.86910455078735,1.19214761757535,1.16769920509342,1.14211579176568,0.835521583535483,1.22380359598166,1.04596812305195,0.97548713439325,1.13106511991645,0.967123458127332,1.08412100691848,0.712593832459879,0.518218999361291,0.877980955959507,0.675842148500646,0.941755022021276,1.0030421622089,0.72240605974729,0.80069556743361,0.461315502431483,0.559117975587822,0.292854310909127,0,0.302195416247637,0.638061377720965,0.914323024611243,0.431619744390327,0.605526804271274,0.780307974436037,0.469669529956027,0.744595268464551,0.392320034008637,0.479291826739805,0.485551065438198,0.525030480845725,0.466584272364899,0.502243956642883,0.500074827961275,0.885318044712286,0.545997720459488,0.820065135847609,0.406369816997408,0.665822280597151,1.00587458854714,0.73056611570186,0.606482615255601,0.851312513795816,0.81481786280093,0.648537950368633,0.717074280859567,0.885166369459619,0.632079172297717
"42",0.905770497196558,0.743199079824053,0.822011304218634,0.829687648112133,1.12260524126905,1.15623576582845,1.22006960164403,1.19721767952598,0.945627677476463,1.21734410612596,1.1913175924439,1.18840353491017,1.18099339950776,1.24176250845534,0.855924520260559,1.13509845262789,1.22784802961445,1.11805410795429,0.923150184934692,1.23578543319239,1.19547755401546,1.16772055575508,0.891452217092554,1.24311267069671,1.10419724522994,1.03370048939638,1.15362904299807,0.953331893328364,1.17867245162189,0.785749828349481,0.580888935194297,0.913611765033665,0.796598591136159,0.966218826328925,1.03650599490754,0.723981680562713,0.802005119878765,0.565764939706466,0.534499634604906,0.351228385134504,0.302195416247637,0,0.676155341383378,0.926393276759418,0.425736032593484,0.603114520606968,0.734853040615699,0.421708435497162,0.747477050673216,0.426513050058275,0.398107826207388,0.451905109876117,0.484242735656055,0.447599493050302,0.512268491662616,0.465156464426897,0.814285612193977,0.50087036984471,0.833002034904772,0.438776485669891,0.710616734487846,1.04728641733545,0.803491451065038,0.589154196789428,0.870201016438064,0.789714096854389,0.68005792617206,0.752037518327041,0.949692019077538,0.655369669562345
"43",0.775881630444873,0.677319693013795,0.685413271568977,0.68916051055627,1.12674848492344,1.07918079105388,1.18535121523963,1.19315277374782,0.837517854234378,1.20586610525052,1.15345500292286,1.16761577428015,1.16842683744539,1.19012238029189,0.849408610880866,1.09362337294959,1.19611914361027,1.0561142921889,0.98177808644446,1.18104580029844,1.13102847769413,1.17412312558791,0.843561918365388,1.16965390116613,1.16709173016515,0.988028712662104,1.16381578378529,1.0416546487295,1.15033988189985,0.696115026423729,0.675335050731667,0.93838644258942,0.868171381536406,1.02930401734926,1.04862543723935,0.789454121457915,0.936139178829586,0.390862463825829,0.701755679458515,0.733237527987104,0.638061377720965,0.676155341383378,0,0.574326758748647,0.703995121079773,0.708494394745301,1.01166788720474,0.669860741262284,0.969067494373004,0.728106158418448,0.72687315142894,0.654629331756488,0.724116862567813,0.736215022752706,0.80106462211322,0.64921195793028,0.825151352679783,0.89213107174225,0.562398290970037,0.700346282358097,0.883532587189817,1.17234146763114,0.778588128775056,0.750585373135104,0.786663884268394,0.951261479350309,0.584143479272023,0.75183408236631,0.839662265290899,0.733051798927475
"44",1.03801468715643,0.921471207529317,0.922716890391229,0.985844567588149,1.26858896377879,1.23846311339784,1.35657233396336,1.34866755655976,1.0716384678585,1.3916276710915,1.28632901527664,1.36885730936064,1.37249258437606,1.33783107583673,1.07043304805545,1.30606929133421,1.36946839520729,1.27836287733866,1.18831390649889,1.32411772108754,1.27806007300465,1.37135165777083,1.14443491845114,1.35280291472189,1.31725109900349,1.24660742549239,1.32623306817627,1.24292513389015,1.35116494770572,1.00644920042522,0.972444641141588,1.19137320948114,1.14846440155288,1.21598573385719,1.29932133495194,1.08523378780259,1.17875972630347,0.727221189470856,0.904321652458746,0.958529603250661,0.914323024611243,0.926393276759418,0.574326758748647,0,0.943575290628543,1.06022884340886,1.21037255832683,0.828472661482213,1.17929870342229,0.976226998991777,1.01887998511536,0.852239127090909,0.95420659723142,0.943955016970386,1.03970371927242,0.796792153158331,0.869137003902777,1.09248989250488,0.454050342022987,0.957467030978617,1.11056510137277,1.29316304326358,1.10084414795341,0.916457043727508,0.863055861537322,1.13652821828011,0.774817835551156,1.01419726116573,1.05727551339797,0.957034220328181
"45",0.867426804652686,0.830253137511017,0.85215267204633,0.823006365320411,1.07534387163679,1.05884359065408,1.12162642557407,1.13044431449877,0.943789235721285,1.10349975942503,1.07139994260295,1.08356313534537,1.13607870148493,1.12080435979516,0.837262246016081,1.05320030045506,1.11935045515277,1.02191214370621,0.817252058385942,1.16849433170637,1.09160332187851,1.08850159496017,0.752608045667567,1.16096136649654,0.999207924797318,0.968183461356972,1.05539879137851,0.783742268014062,1.01146683642709,0.605093554769025,0.474406525088845,0.789207300547595,0.590342659432004,0.836247013484785,0.913778512649443,0.629134342024855,0.701085314450431,0.573672356573485,0.55383039431323,0.454434733707821,0.431619744390327,0.425736032593484,0.703995121079773,0.943575290628543,0,0.503964887823441,0.659239832648178,0.505209436290749,0.559969993878837,0.548984426458838,0.339612924771673,0.349386252196684,0.445779989822284,0.462029243571791,0.437026547442998,0.536348188543038,0.798288867423794,0.484110999916849,0.831898157064181,0.494910538883134,0.655668970793807,0.906093620739408,0.646509659099461,0.538194525274234,0.806791357478644,0.668039042800949,0.820321818099891,0.792300925458556,0.781883835255693,0.580534596748959
"46",0.840891960188643,0.795938267482919,0.812447806567227,0.726839217287383,0.948335325664159,0.871914613392182,0.910868692147368,0.972716920008293,0.855528618819865,0.925921247767235,1.03921348444556,0.888862106074115,0.902244582815669,0.977571935754193,0.845797067941649,0.885206785569254,0.955133516945337,0.826904632186,0.677924563929355,0.990302204203633,0.835598427011885,0.821601397176841,0.704019992466476,0.963591683979796,0.94335692605519,0.785118753623543,0.854410469923084,0.76480454144896,0.971663561976136,0.636536003821506,0.519104652167383,0.547013961589738,0.657594021143311,0.655138877951615,0.578610641287976,0.368148298719175,0.398677941589791,0.666276390311641,0.62018561745339,0.564739342127667,0.605526804271274,0.603114520606968,0.708494394745301,1.06022884340886,0.503964887823441,0,0.461207084831701,0.682752576898091,0.605028852756866,0.635210776704676,0.523930467910311,0.609323546398174,0.616375689106483,0.734962189652209,0.583194709412102,0.745163871164584,0.940622164457221,0.573654596056508,0.968680973712307,0.606917153125593,0.830918461729946,0.999546271920506,0.655249768025935,0.725691285700149,0.867520577073856,0.707042379998069,0.932013310477873,0.78705295650547,0.729894347743448,0.658659384508063
"47",1.06806340244536,1.02354531896822,1.06547620205176,0.983649500455112,0.96059110013709,0.919003383554605,0.921750178778148,0.980184620460581,1.03625633089153,0.954839761925696,1.0777586673671,0.917567368635421,0.902161959638204,0.998005217039419,1.01084480476921,0.970009706178084,0.999274638171128,0.897396874489719,0.693536870240911,0.995105707725185,0.814919560480579,0.765014519460247,0.868623638240993,0.993894326014684,0.946184124070912,0.908460505798261,0.836217871352147,0.78622914189758,1.01948151553373,0.862398431617687,0.726049305863556,0.60647447552752,0.749389768065405,0.628571868357163,0.574925531282793,0.507408226826965,0.336752282039246,0.945786173981061,0.750024405399279,0.650907777881795,0.780307974436037,0.734853040615699,1.01166788720474,1.21037255832683,0.659239832648178,0.461207084831701,0,0.7538233163623,0.5755027606244,0.761304875537981,0.670232558216421,0.763005283195447,0.72777460626212,0.851433787019714,0.677945457494957,0.888765928158701,1.03643576360628,0.462040882737472,1.17279658624964,0.758977434475479,0.859176433203492,0.983751070020197,0.847304053239749,0.797700534125164,0.945610875594023,0.691104074021045,1.17450797930417,0.964758179988407,0.83727399306281,0.748455846312435
"48",0.977591575348132,0.806035756773555,0.858975315441199,0.851214635989194,1.14190748964697,1.15206500537586,1.23706973355732,1.22865197114577,1.02777140427655,1.24543143425375,1.23402335909302,1.24224326758188,1.21361053495056,1.22037262107353,0.917315864387247,1.22842111201288,1.28024919939442,1.12621023759939,0.948693187473678,1.23496922350912,1.19897653915031,1.15587702042299,1.02139388964529,1.26093928862788,1.18190561014189,1.08896513161773,1.14381566026032,1.00901962266232,1.22683573035664,0.857073350800788,0.610400898749432,0.963445870057619,0.860735437839868,0.981612718352825,1.00645616589335,0.740740581734852,0.791084116973321,0.580799696636577,0.536559560635753,0.510323001659616,0.469669529956027,0.421708435497162,0.669860741262284,0.828472661482213,0.505209436290749,0.682752576898091,0.7538233163623,0,0.812948094098154,0.610037910987817,0.525299707592664,0.415067063428189,0.512128280421726,0.604822043649736,0.609469851762664,0.562170774667617,0.821896074865684,0.553073070534937,0.731250304778681,0.542172951137138,0.743983340786812,1.16116930107926,0.843346872456423,0.610574926440084,0.780798336681572,0.849423244411448,0.683660799533609,0.836938968208035,0.870981766752865,0.60810818402625
"49",0.998732895813367,1.00631204449486,1.04130426773279,0.970115713131662,1.01571072774367,0.961086938908207,0.97361431132793,0.94994336067494,0.964979740509354,0.975717694166581,0.96642917911233,0.932962913583881,0.956700208132926,1.00607159111017,0.958527538550515,0.93778172622401,0.968392223125718,0.926117909411423,0.70363953768511,1.03616658529088,0.920973468113266,0.943635767035315,0.666672768314085,1.04082147561073,0.872634828950793,0.88619588413882,0.93775247955634,0.645097003934656,0.872412425162413,0.708968152914201,0.661402418071561,0.630065404970405,0.582906650009875,0.681794165712348,0.82208498798412,0.709882842827232,0.626725198680141,0.885378901410738,0.83282932294059,0.618537554355888,0.744595268464551,0.747477050673216,0.969067494373004,1.17929870342229,0.559969993878837,0.605028852756866,0.5755027606244,0.812948094098154,0,0.683859220578269,0.593102072378897,0.716437229702274,0.585279582034515,0.773412589982696,0.550216135105298,0.826493508023344,1.14037840425607,0.602493129636239,1.1715458359657,0.783077103464099,0.696015750449622,0.810765066093684,0.678807510964467,0.688486651701712,0.87938423992041,0.557256173756026,1.17503250325532,0.843755045971523,0.791524768383358,0.669777020275344
"50",0.819817513090915,0.745816856882917,0.855575024508187,0.777836440262787,1.02877422421156,1.07125996440206,1.09662645082745,1.08692444439053,0.911483224584553,1.09256430375649,1.0321495501007,1.04093137066713,1.0816431668497,1.11933686823506,0.798515679296111,1.01690728389933,1.12651979663003,0.980954130336493,0.81328413328834,1.15313238765839,1.07522361110891,1.07954267614504,0.771105691753463,1.15311485307108,0.963633225553279,0.931341800498566,1.06697008407416,0.867096459272046,1.02673883026241,0.759490085580264,0.550374127405341,0.816025254607528,0.672279551666907,0.885243602677481,1.01050579442668,0.770768609658704,0.797183097218687,0.636677906475127,0.67842960073815,0.377370992808665,0.392320034008637,0.426513050058275,0.728106158418448,0.976226998991777,0.548984426458838,0.635210776704676,0.761304875537981,0.610037910987817,0.683859220578269,0,0.449105401624434,0.588290436964571,0.494321726598247,0.510555648931386,0.565184276695461,0.456579282310518,0.92047373489362,0.611429260683067,0.905590240633044,0.438478604626604,0.55597827207963,0.828204538006008,0.706139885251177,0.515282972427547,0.789901196446806,0.687060690610577,0.804537903501507,0.585308805276656,0.907381477262686,0.583278649236522
"51",0.891538953686698,0.855549435999995,0.898883878787747,0.866833463837578,1.10657608447339,1.11522450101638,1.16966813224325,1.1437439892485,0.954743772079014,1.14168645956227,1.12299693770659,1.10953481892489,1.11320172089853,1.19134260251435,0.891287383095495,1.05658309483015,1.15750901811836,1.0831656904846,0.87392107944442,1.21253836464004,1.12923862657615,1.11286454525751,0.785399982379033,1.18280534484993,1.03929533166131,0.970901880699847,1.10277524193802,0.793894752149835,1.08165767874932,0.705561718382226,0.530297736627117,0.813599054757252,0.695956015783477,0.874844999795394,0.958647038759416,0.661230121537138,0.746939431613576,0.612061961019302,0.589683719067296,0.453317383978723,0.479291826739805,0.398107826207388,0.72687315142894,1.01887998511536,0.339612924771673,0.523930467910311,0.670232558216421,0.525299707592664,0.593102072378897,0.449105401624434,0,0.402942624361844,0.339449167774948,0.436240482808701,0.42646157166962,0.438860932112385,0.819853799912661,0.475365660767142,0.875465085742491,0.373823799495427,0.571325701997519,0.875230903628223,0.609446956648979,0.459841102118776,0.779525025362475,0.611652837760253,0.810318992612096,0.688773982710526,0.858679233642812,0.487246157011263
"52",0.919883818978443,0.839559775822645,0.867218673237595,0.840023477987715,1.14216739224995,1.13699972395896,1.21697366340842,1.22582037703478,1.01550907763947,1.21213555473919,1.15964475644522,1.19228750169311,1.18438849337258,1.21608042733579,0.912893623518493,1.17011049154734,1.23730047685751,1.1097902124277,0.9494372707157,1.25635024522165,1.19306742208218,1.17315839158163,0.898518573143282,1.23836798734071,1.13407575090309,1.03953255825144,1.15908916678885,0.893643214268575,1.13066025334036,0.74730924093434,0.525549524708759,0.908025372047722,0.763946145230321,0.954278622265433,1.00487877846574,0.689507423226073,0.793260104794298,0.543681487741413,0.606733097901684,0.560272235347395,0.485551065438198,0.451905109876117,0.654629331756488,0.852239127090909,0.349386252196684,0.609323546398174,0.763005283195447,0.415067063428189,0.716437229702274,0.588290436964571,0.402942624361844,0,0.404000249691628,0.544048918511563,0.628184727548738,0.533761227633253,0.777755768555061,0.586606283908054,0.725890452359047,0.500657021637569,0.722723216002787,0.989100704019646,0.753603178586066,0.587666843043255,0.798829430290141,0.770341559498104,0.747839463752944,0.819967273094873,0.825654002580733,0.564267820727044
"53",0.924133509842149,0.849209977271815,0.904614603288849,0.863510902132285,1.09616913027721,1.10146023167668,1.16275548479412,1.14862021884401,0.988723288919601,1.15615520115236,1.10039313379791,1.12083051946544,1.12045417736933,1.17945704744849,0.911930407675806,1.09409183377904,1.17508430394366,1.07484656858277,0.897096703353772,1.21146315669288,1.12000817791645,1.12946832756125,0.824784414131232,1.19464307834516,1.03581848073312,0.981238090114937,1.10901089202226,0.803578290492764,1.08904384169464,0.776861508708454,0.54747985169569,0.845462539761284,0.738268799431534,0.878117741554407,0.978613621687353,0.727688139835079,0.770546705726731,0.669014507730388,0.687751093533452,0.48427278707125,0.525030480845725,0.484242735656055,0.724116862567813,0.95420659723142,0.445779989822284,0.616375689106483,0.72777460626212,0.512128280421726,0.585279582034515,0.494321726598247,0.339449167774948,0.404000249691628,0,0.546649547729771,0.580525318410452,0.456673556606879,0.912919318754331,0.594681859711107,0.846317774243609,0.516856890027051,0.527946114158365,0.914006254834817,0.599394082974862,0.374942494633686,0.626298374062348,0.584831285216591,0.808533847256873,0.564824164200343,0.798680803693714,0.342571759865032
"54",0.901745086691883,0.866122169299348,0.936532371243224,0.923541538254552,1.18105136255291,1.20540979339178,1.25083120451241,1.23237753966351,1.00214921463207,1.23342687529843,1.14771833695894,1.20509030965745,1.26592182595663,1.25479632244707,0.89216426531499,1.15358296696457,1.25407127249781,1.1574854720601,0.946191218911399,1.29316334623945,1.23243945878616,1.2493447674753,0.850699737691149,1.28605988848695,1.10475557002675,1.10774861448425,1.24917336497629,1.02283845611991,1.13767831788927,0.765292350965196,0.684634349230944,0.946795207938917,0.750363631441167,1.04787684654361,1.16001591733833,0.798598790756376,0.916242723110268,0.625818776203894,0.728093842766104,0.494134888981565,0.466584272364899,0.447599493050302,0.736215022752706,0.943955016970386,0.462029243571791,0.734962189652209,0.851433787019714,0.604822043649736,0.773412589982696,0.510555648931386,0.436240482808701,0.544048918511563,0.546649547729771,0,0.561344674205939,0.340573759045572,0.805733114165225,0.605184613750695,0.847367714374129,0.421134050088009,0.534063908252784,0.862885396194118,0.767095693446064,0.511757971082434,0.86269445454096,0.760543563268422,0.688784537624275,0.75640188402063,1.02052574994309,0.702011784921413
"55",0.938765740919392,0.857846978747656,0.899543409988177,0.910079562967722,1.07966138608469,1.10087104998136,1.16082600594951,1.09466117032706,0.919289942400174,1.12928977074742,1.14811924530997,1.11764650613333,1.10749809040009,1.16733416046749,0.887759143788212,1.06446661199101,1.12841569644629,1.0738158945646,0.858380417705352,1.17208324598923,1.10575129184921,1.09733790678178,0.798946656675062,1.19201007746008,1.00362930280814,0.949215339325818,1.08675636520342,0.865858027642231,1.08331591431864,0.737297426321733,0.596267987639003,0.788409269179826,0.72869195340126,0.830177400050717,0.952817786463037,0.743974828754025,0.778315212061027,0.703271400588245,0.551836776910104,0.418009477963326,0.502243956642883,0.512268491662616,0.80106462211322,1.03970371927242,0.437026547442998,0.583194709412102,0.677945457494957,0.609469851762664,0.550216135105298,0.565184276695461,0.42646157166962,0.628184727548738,0.580525318410452,0.561344674205939,0,0.605219313261326,0.966626276154976,0.487441801183281,0.946449246359041,0.557075630831558,0.733612475626516,1.01486463355253,0.708583810497799,0.637278521868523,0.875897772757311,0.724750349300735,0.871954789590923,0.827195266563105,0.878612932011559,0.687044999125711
"56",0.868382259421244,0.800156323891108,0.872006777993435,0.876669833466489,1.1545630456256,1.18103415937892,1.24937273061972,1.22292135037041,0.964675624436773,1.24423213336142,1.17204375768666,1.21043922496813,1.24623335631365,1.26327839004102,0.884477056258812,1.1483149876011,1.24729649067376,1.16246614841865,0.966909837978702,1.28930092872657,1.20452406644256,1.24701994180876,0.890730336937164,1.28049457545858,1.10027823231191,1.08464456590818,1.2298455218224,1.00133572264337,1.18153830979305,0.824420079763637,0.644922699385011,0.97579134873379,0.850398134556344,1.01973545163664,1.16359804683537,0.834442365951691,0.93997676644832,0.586702635077814,0.678817253370584,0.491689628211006,0.500074827961275,0.465156464426897,0.64921195793028,0.796792153158331,0.536348188543038,0.745163871164584,0.888765928158701,0.562170774667617,0.826493508023344,0.456579282310518,0.438860932112385,0.533761227633253,0.456673556606879,0.340573759045572,0.605219313261326,0,0.82587591074133,0.69166691683939,0.660571273907574,0.388958989508092,0.60063624087559,0.923974188496491,0.725875931672742,0.38391626009781,0.674293129429809,0.716386821997536,0.603028522172521,0.600743518504303,0.990929677979836,0.568151126846176
"57",1.14798530907845,1.11320419101141,1.10384069996337,1.12571206487412,1.33841842226235,1.33505368536867,1.39443337755679,1.4142135623731,1.22724700108625,1.35475223196549,1.28388769276276,1.32773077501102,1.37611816328012,1.37692260587119,1.13612184257143,1.25295349569728,1.38761104087205,1.33246288634009,1.19623015023206,1.39566163395206,1.34725644722584,1.35922824781837,1.15591755306297,1.37411666212335,1.32510693974493,1.28472332326276,1.29871544865491,1.13650952842856,1.34113876367652,0.961643786918885,1.00696928932031,1.13942413434924,1.05347750707586,1.24358062452087,1.17358723214703,0.985820282683796,1.07137852906952,0.86769172117405,0.810821420617955,0.974482284828338,0.885318044712286,0.814285612193977,0.825151352679783,0.869137003902777,0.798288867423794,0.940622164457221,1.03643576360628,0.821896074865684,1.14037840425607,0.92047373489362,0.819853799912661,0.777755768555061,0.912919318754331,0.805733114165225,0.966626276154976,0.82587591074133,0,0.903429305466357,0.821550756982664,0.864223760998195,0.970003910749078,1.15343731152196,1.06144120940489,0.916248460953303,1.05480724222738,1.08731817537426,0.923161114120951,1.10975698375907,1.08764406737435,0.94959925619022
"58",1.04472648789513,0.957016837729313,1.02743299505997,0.971275061294546,1.08851706763235,1.09948136123405,1.11989797392677,1.13580860215626,1.06916323443,1.13830461401687,1.14235208470124,1.1070234494871,1.08803707244897,1.15823622942805,0.979603720526368,1.12029783001979,1.17302300345388,1.05510636256875,0.828435952611925,1.15668367760625,1.06171952459409,1.0159167816704,0.885542520529496,1.14530059139029,1.0337448195904,1.00905041767945,1.05218716193288,0.857451664174665,1.0993575028166,0.798564811030719,0.66973292823395,0.766734871802395,0.698832815305409,0.800413874631408,0.86434766694938,0.645146579702348,0.623144896003857,0.769351466653178,0.644401816713367,0.454216312544972,0.545997720459488,0.50087036984471,0.89213107174225,1.09248989250488,0.484110999916849,0.573654596056508,0.462040882737472,0.553073070534937,0.602493129636239,0.611429260683067,0.475365660767142,0.586606283908054,0.594681859711107,0.605184613750695,0.487441801183281,0.69166691683939,0.903429305466357,0,1.05263373161221,0.533609617683273,0.689876788346727,0.932344677259171,0.82492594624767,0.656032454450221,0.917373529077892,0.700752324143435,1.00782651923889,0.931386725329489,0.892964064748719,0.656735021818117
"59",0.954793030410637,0.86957129837215,0.839280152427459,0.907884817813917,1.25015462055916,1.22584716865455,1.35312802228617,1.36463849179592,1.05788747184445,1.35467206390975,1.32696844799506,1.3463318659312,1.35896259350051,1.33827920766722,1.01415112417417,1.29183120755867,1.34521568396356,1.26125305618525,1.18130396557801,1.38536735730682,1.30363689038581,1.3586853402017,1.11754075915773,1.36019091106288,1.2884301797065,1.19958515304677,1.3297714513074,1.19695487687629,1.31615793075416,0.971408064071549,0.822306073995902,1.20848951759546,1.1174119890609,1.19279791311535,1.24994464369483,1.02061418187548,1.14470840344379,0.672698663328141,0.762109363706637,0.901016640219889,0.820065135847609,0.833002034904772,0.562398290970037,0.454050342022987,0.831898157064181,0.968680973712307,1.17279658624964,0.731250304778681,1.1715458359657,0.905590240633044,0.875465085742491,0.725890452359047,0.846317774243609,0.847367714374129,0.946449246359041,0.660571273907574,0.821550756982664,1.05263373161221,0,0.822789476877959,1.04474668599451,1.28086870379862,0.943297029597829,0.823906644302126,0.769098626705404,1.06563333394446,0.555116512679716,0.905472477005858,1.01006784276289,0.837576600283541
"60",0.854472937763842,0.78438958343662,0.873115134019647,0.822798316742697,1.09204696996154,1.13375033697376,1.17703370458607,1.15187272552923,0.965391585959295,1.1790153269732,1.11945237882743,1.13777126542829,1.14503217624435,1.19195020736502,0.838057859626286,1.11303181072129,1.19399743722362,1.07182061926832,0.904631541085691,1.21713944509411,1.14772372245417,1.13372927355959,0.834506524187549,1.20430045034939,1.05115537976311,0.98035392801179,1.1508919496952,0.934891839103826,1.10074468403505,0.757675864854937,0.580060244984466,0.867272776982648,0.736430425547588,0.922535679793174,1.03507534086938,0.70629043121016,0.826161584483613,0.506589488487031,0.632537477296415,0.437920620241593,0.406369816997408,0.438776485669891,0.700346282358097,0.957467030978617,0.494910538883134,0.606917153125593,0.758977434475479,0.542172951137138,0.783077103464099,0.438478604626604,0.373823799495427,0.500657021637569,0.516856890027051,0.421134050088009,0.557075630831558,0.388958989508092,0.864223760998195,0.533609617683273,0.822789476877959,0,0.647462788849908,0.871004435861879,0.702233662519082,0.520836006362395,0.805201570074785,0.71311178584417,0.727340464245166,0.700379681600342,0.916703408613528,0.574640649407771
"61",0.970861087463746,1.00139216939368,1.06466194400593,0.960122934381923,1.12543118368596,1.12845592729249,1.1295626545596,1.15692678328532,1.09113028849651,1.11787203393311,1.01065204161946,1.07405270219468,1.16480594320132,1.13058941610078,0.961818992533349,1.09454148387538,1.17671359101605,1.03744726101683,0.87625519791307,1.21721552711739,1.12909079740728,1.1398008874591,0.803661277725923,1.1848479530066,1.01050141815196,1.05539833819533,1.14451300776895,0.895247419441954,0.974945245781027,0.791792138592899,0.739362846592974,0.901516118462698,0.618774943485679,0.978970682474689,1.08370321972203,0.874194688192114,0.882749194807371,0.828416842079343,0.907463823063457,0.649934684023582,0.665822280597151,0.710616734487846,0.883532587189817,1.11056510137277,0.655668970793807,0.830918461729946,0.859176433203492,0.743983340786812,0.696015750449622,0.55597827207963,0.571325701997519,0.722723216002787,0.527946114158365,0.534063908252784,0.733612475626516,0.60063624087559,0.970003910749078,0.689876788346727,1.04474668599451,0.647462788849908,0,0.702082690285325,0.62830524236262,0.45589306340274,0.734081455405358,0.614494592450412,0.953666970838499,0.64120929758738,0.911202670549273,0.532177962422244
"62",1.08488654203521,1.22333989911176,1.28044574312123,1.13788025687022,1.15167932409618,1.13086395144615,1.0714658114451,1.11539041600409,1.2139920507691,1.0687541561579,0.908038079259011,0.990113137557808,1.139543639921,1.10076621346871,1.11159007575308,1.04371914801526,1.11350075924865,1.05267062950903,0.954793466186557,1.22218522918036,1.06782061709283,1.14083111367871,0.794423732913696,1.14636193440625,0.955559624703088,1.09931834235922,1.15861614422222,0.879350735414244,0.870288711299533,0.919782245051301,0.979941906201342,0.935035754922273,0.71647061358946,0.993937056464837,1.17362880543497,1.03563057971834,1.02036924303078,1.0775610186483,1.20769646991084,0.955477937173911,1.00587458854714,1.04728641733545,1.17234146763114,1.29316304326358,0.906093620739408,0.999546271920506,0.983751070020197,1.16116930107926,0.810765066093684,0.828204538006008,0.875230903628223,0.989100704019646,0.914006254834817,0.862885396194118,1.01486463355253,0.923974188496491,1.15343731152196,0.932344677259171,1.28086870379862,0.871004435861879,0.702082690285325,0,0.861827727127861,0.824264254809058,1.02297549898919,0.716447397987942,1.32712823136391,0.940263861951364,1.06014770059575,0.886960116328272
"63",0.812950083938387,0.868478040175743,0.862400539313057,0.767106725811349,0.966916865263485,0.903913799704914,0.971541144568797,0.945584162368243,0.889149002946012,0.904941436493975,0.946038002645781,0.885528380651906,0.922564598701318,0.942325813910719,0.825268420775874,0.890774622679796,0.962421242997195,0.861967949673341,0.77422987651741,1.04128438209103,0.956317662739755,0.970201082643897,0.643035756116232,1.01489950980775,0.902965482761375,0.795501678004451,0.940079668425595,0.717941356530319,0.816753048531862,0.599209141569996,0.594182853054402,0.795974391575397,0.603292099165013,0.786097908953884,0.883752084183159,0.756947955352967,0.822076952820874,0.740442946104273,0.801520510468968,0.740492969164279,0.73056611570186,0.803491451065038,0.778588128775056,1.10084414795341,0.646509659099461,0.655249768025935,0.847304053239749,0.843346872456423,0.678807510964467,0.706139885251177,0.609446956648979,0.753603178586066,0.599394082974862,0.767095693446064,0.708583810497799,0.725875931672742,1.06144120940489,0.82492594624767,0.943297029597829,0.702233662519082,0.62830524236262,0.861827727127861,0,0.55603734587367,0.604271901937959,0.487301309559206,0.964432239002854,0.524740477831966,0.610016927101884,0.456458176073653
"64",0.931021237278285,0.875461896342639,0.934257207910749,0.883828275009013,1.06842087474635,1.08011485880068,1.14586515652529,1.10629621470189,0.993216714099281,1.12326761300999,1.0627164534707,1.09565966588208,1.12491832003465,1.13639694824491,0.916165884359493,1.07432696263486,1.1579376005634,1.05499730292185,0.882588125876787,1.1752033642137,1.09329023752486,1.11072138866009,0.834993089363845,1.19103090957932,1.02958070925602,1.01480511829733,1.07161687899702,0.865479662313195,1.05907138075795,0.784871993566892,0.666764667586573,0.878122105146376,0.736301981867019,0.898394983625038,1.06759787480664,0.83855607815071,0.863562862632227,0.700999093655705,0.75489007802205,0.57235738824696,0.606482615255601,0.589154196789428,0.750585373135104,0.916457043727508,0.538194525274234,0.725691285700149,0.797700534125164,0.610574926440084,0.688486651701712,0.515282972427547,0.459841102118776,0.587666843043255,0.374942494633686,0.511757971082434,0.637278521868523,0.38391626009781,0.916248460953303,0.656032454450221,0.823906644302126,0.520836006362395,0.45589306340274,0.824264254809058,0.55603734587367,0,0.439820163646667,0.438088103466931,0.846412481997094,0.475788730662007,0.788220606639073,0.341034041131349
"65",0.994813468713965,0.920043515921226,0.94199528598433,0.890037758883055,1.0340490256819,1.01409673370311,1.10546147976564,1.07908031408392,1.02083609446632,1.09407529050115,1.07804864125531,1.0674236332808,1.0687119892224,1.08117763231046,0.973692790732053,1.07929403267295,1.11712148223762,1.02201058906835,0.95870659786476,1.13037757653905,1.03758618745331,1.06590063941243,0.936236249050554,1.1507718698627,1.05744105238261,0.993777377835127,1.02609050256663,0.923233402158429,1.05547661394001,0.897229841044898,0.783850336114617,0.959682688137675,0.898590022697758,0.905801247721256,1.06368304405727,0.966999350840212,0.961680982932796,0.847526476992693,0.85502272328869,0.840410870122124,0.851312513795816,0.870201016438064,0.786663884268394,0.863055861537322,0.806791357478644,0.867520577073856,0.945610875594023,0.780798336681572,0.87938423992041,0.789901196446806,0.779525025362475,0.798829430290141,0.626298374062348,0.86269445454096,0.875897772757311,0.674293129429809,1.05480724222738,0.917373529077892,0.769098626705404,0.805201570074785,0.734081455405358,1.02297549898919,0.604271901937959,0.439820163646667,0,0.55705425160495,0.940053458831927,0.529055010822822,0.685107318989385,0.427524847847031
"66",0.988072635702691,0.985716361409966,1.0212729592589,0.927833805310779,0.961083203955092,0.927337837374241,0.958782903974277,0.905478281085378,0.968393115516855,0.925789589095651,0.941513831578026,0.884500668554889,0.884300076431225,0.977102745489113,0.93777239165522,0.890849903591541,0.958896098442161,0.918785062710847,0.770665090031636,1.03128721159179,0.9072438912288,0.917708854006931,0.718975819846788,1.01289624832128,0.888579647350703,0.872258614424928,0.897357612823141,0.661400316694151,0.858072373279699,0.752703241323611,0.715727138405327,0.747037435353719,0.672408869392274,0.70713049001714,0.940920156816854,0.815824960896596,0.784351639137393,0.906821813402506,0.857025916445157,0.744146826708575,0.81481786280093,0.789714096854389,0.951261479350309,1.13652821828011,0.668039042800949,0.707042379998069,0.691104074021045,0.849423244411448,0.557256173756026,0.687060690610577,0.611652837760253,0.770341559498104,0.584831285216591,0.760543563268422,0.724750349300735,0.716386821997536,1.08731817537426,0.700752324143435,1.06563333394446,0.71311178584417,0.614494592450412,0.716447397987942,0.487301309559206,0.438088103466931,0.55705425160495,0,1.14468160884258,0.626049745940105,0.688750280139936,0.468566354008123
"67",0.881309718627468,0.751621239762752,0.78407271956202,0.859007891830649,1.2756117711038,1.29650665209795,1.387835792015,1.39292992347076,1.00573086110633,1.38794119442202,1.36478453360939,1.3851655651117,1.40097530170482,1.38072286517532,0.935185812060667,1.32074497052624,1.39343887108997,1.26710235281077,1.17804211055194,1.39912352269757,1.38320016213365,1.3932592836958,1.11413347645944,1.39790423661747,1.31038006410293,1.20354092052622,1.38814483407164,1.28855526535794,1.36061632459124,0.990094632420098,0.806275863964149,1.21142649723621,1.10059221876039,1.26161193553099,1.27084934050411,0.986255942206381,1.13921195466959,0.61613918675062,0.779121772364399,0.773779557236181,0.648537950368633,0.68005792617206,0.584143479272023,0.774817835551156,0.820321818099891,0.932013310477873,1.17450797930417,0.683660799533609,1.17503250325532,0.804537903501507,0.810318992612096,0.747839463752944,0.808533847256873,0.688784537624275,0.871954789590923,0.603028522172521,0.923161114120951,1.00782651923889,0.555116512679716,0.727340464245166,0.953666970838499,1.32712823136391,0.964432239002854,0.846412481997094,0.940053458831927,1.14468160884258,0,0.836344329448426,1.14158016512237,0.907121791971131
"68",0.826706658027201,0.774603262530283,0.844815453224219,0.781581688798963,0.997547812827975,1.01684937368516,1.08365068038983,1.03167315784257,0.910434166143198,1.04762155520504,1.01998210927018,1.0097065354368,1.04463314467266,1.07629098563595,0.865568959098644,0.98966841853515,1.08476614223066,0.967779707187539,0.904762156644872,1.11625447438521,1.03920006306499,1.06724931426229,0.804654464396276,1.13124530319415,0.983448969557622,0.903165878068538,1.03632579627018,0.925496429163664,1.02544267243098,0.847555222762297,0.724147015299735,0.913619341751129,0.824573353187118,0.933894674251712,1.05736605481602,0.90721680507706,0.950829133352102,0.765523625451773,0.899381824030309,0.698236443154544,0.717074280859567,0.752037518327041,0.75183408236631,1.01419726116573,0.792300925458556,0.78705295650547,0.964758179988407,0.836938968208035,0.843755045971523,0.585308805276656,0.688773982710526,0.819967273094873,0.564824164200343,0.75640188402063,0.827195266563105,0.600743518504303,1.10975698375907,0.931386725329489,0.905472477005858,0.700379681600342,0.64120929758738,0.940263861951364,0.524740477831966,0.475788730662007,0.529055010822822,0.626049745940105,0.836344329448426,0,0.792783339936011,0.50571453206977
"69",0.934326152630445,0.875791131395431,0.858625013349997,0.766778332404994,0.829898301814071,0.808930709607435,0.905784296262857,0.853828680130293,0.935518338624802,0.841638050596742,0.869006368463087,0.835900245633405,0.801937607730091,0.843650724008136,0.893636369167092,0.882805787048811,0.91260035229801,0.77406016353154,0.833755844449874,0.919268607301975,0.841220971519768,0.791011371099125,0.787641414678073,0.935962415950967,0.897936603540463,0.714680768741056,0.745872106219277,0.743837386117592,0.813189294532476,0.702097830279076,0.725538487998866,0.756942058454946,0.698268250293027,0.710972957186042,0.783017849982073,0.803757663467504,0.829482314358152,0.862721139877484,0.832351018277862,0.912035435757612,0.885166369459619,0.949692019077538,0.839662265290899,1.05727551339797,0.781883835255693,0.729894347743448,0.83727399306281,0.870981766752865,0.791524768383358,0.907381477262686,0.858679233642812,0.825654002580733,0.798680803693714,1.02052574994309,0.878612932011559,0.990929677979836,1.08764406737435,0.892964064748719,1.01006784276289,0.916703408613528,0.911202670549273,1.06014770059575,0.610016927101884,0.788220606639073,0.685107318989385,0.688750280139936,1.14158016512237,0.792783339936011,0,0.648145100699034
"70",0.931168043783527,0.884747611348531,0.914419989856527,0.839691165948506,1.02154967412973,1.01349167538161,1.07965802936887,1.0774480440353,1.00709793996848,1.07212916500708,1.03797198031455,1.03160615983417,1.02663444227952,1.08438101272089,0.923115766166079,1.04846898766064,1.10079685996968,0.980259051859411,0.857300979453737,1.13535385712572,1.02934732574845,1.02267394743884,0.810241455293247,1.11432308891163,0.987450058933791,0.911292773804728,1.00579839931929,0.754152313927577,0.989583130209876,0.749914303148647,0.584555677453459,0.829624527618491,0.694092600945309,0.809097003940687,0.918278935584659,0.758601820533588,0.773752122226348,0.693214728146555,0.70925675858083,0.61556874575819,0.632079172297717,0.655369669562345,0.733051798927475,0.957034220328181,0.580534596748959,0.658659384508063,0.748455846312435,0.60810818402625,0.669777020275344,0.583278649236522,0.487246157011263,0.564267820727044,0.342571759865032,0.702011784921413,0.687044999125711,0.568151126846176,0.94959925619022,0.656735021818117,0.837576600283541,0.574640649407771,0.532177962422244,0.886960116328272,0.456458176073653,0.341034041131349,0.427524847847031,0.468566354008123,0.907121791971131,0.50571453206977,0.648145100699034,0
